{
  "restartable": "rs",
  "ignore": [".git", "node_modules/**/node_modules"],
  "verbose": true,
  "execMap": {
    "ts": "node --require ts-node/register"
  },
  "watch": ["src/"],
  "env": {
    "NODE_ENV": "development",
    "NODE_ORACLEDB_DB_HOST": "orahmg.btfinanceira.com.br:1521",
    "NODE_ORACLEDB_USER": "BAAS",
    "NODE_ORACLEDB_PASSWORD": "BAAS",
    "NODE_ORACLEDB_DB_NAME": "ccritico",
    "NODE_ORACLEDB_POOL_MAX_SIZE": "1",
    "RABBITMQ_HOST": "amqp://localhost:5672",
    "RABBITMQ_NO_ACK": true,
    "BASE_URL_DATAPREV":"http://localhost:3031",
    "BASE_URL_MS_MOTOR_CREDITO":"http://localhost:3040"
  },
  "ext": "js,json,ts"
}
